INSERT INTO director VALUES ('Woody Allen','EEUU','1935-12-01');
INSERT INTO director VALUES ('Stanley Kubrick','Reino Unido','1928-07-26');
INSERT INTO director VALUES ('Alfred Hitchcock','Reino Unido','1899-08-13');

INSERT INTO actor VALUES ('Kirk Douglas', 'EEUU');
INSERT INTO actor VALUES ('Mia Farrow', 'EEUU');
INSERT INTO actor VALUES ('Doris Day', 'EEUU');
INSERT INTO actor VALUES ('James Stewart', 'EEUU');
INSERT INTO actor VALUES ('Cary Grant', 'EEUU');
INSERT INTO actor VALUES ('Woody Allen', 'EEUU');


INSERT INTO pelicula VALUES ('El hombre que sabía demasiado', 1956, 'EEUU', 'Inglés', 'S', 'Intriga', NULL, 'Alfred Hitchcock');
INSERT INTO pelicula VALUES ('Hannah y sus hermanas', 1986, 'EEUU', 'Inglés', 'S', 'Comedia', NULL, 'Woody Allen');
INSERT INTO pelicula VALUES ('Senderos de gloria', 1957, 'EEUU', 'Inglés', 'N', 'Antibélica', NULL, 'Stanley Kubrick');
INSERT INTO pelicula VALUES ('Con la muerte en los talones', 1957, 'EEUU', 'Inglés', 'S', 'Intriga', NULL, 'Alfred Hitchcock');

INSERT INTO reparto VALUES ('Woody Allen', 'Hannah y sus hermanas', 'Mickey');
INSERT INTO reparto VALUES ('Mia Farrow', 'Hannah y sus hermanas', 'Hannah');
INSERT INTO reparto VALUES ('Cary Grant', 'Con la muerte en los talones', 'Roger O. Thornbill');
INSERT INTO reparto VALUES ('Doris Day', 'El hombre que sabía demasiado', 'Linda Mckenna');
INSERT INTO reparto VALUES ('James Stewart', 'El hombre que sabía demasiado', 'Benjamin Mckenna');
INSERT INTO reparto VALUES ('Kirk Douglas', 'Senderos de gloria', 'Coronel Dax');
